class_id,canonical_name_en,vietnamese_name,domain_group,L_min_m,L_typ_m,critical_dimension_type,critical_dimension_desc,standard_source,standard_org,reference_url,dota_label,isaid_label,dior_label,visdrone_label,xview_label
airplane,Airplane / Fixed-wing Aircraft,Máy bay cánh bằng,Aviation,7.25,34.11,length,"Sải cánh / Chiều dài thân máy bay cánh bằng từ cỡ nhỏ huấn luyện (Piper Cherokee: 7.25m, Cessna 150: 7.28m) đến phản lực chở khách thân hẹp phổ biến nhất thế giới (Airbus A320-200: 34.11m, Boeing 737-800: 34.32m)",FAA Aircraft Characteristics Database (ACD_Data: Col 15 & Col 17),Federal Aviation Administration (FAA),https://www.faa.gov/airports/engineering/aircraft_char_database,plane,plane,airplane,-,"Fixed-wing Aircraft, Passenger/Cargo Plane"
small_aircraft,Small Light Aircraft,Máy bay cánh bằng cỡ nhỏ / Thể thao,Aviation,7.25,11.00,length,"Chiều dài thân nhỏ nhất (Piper Cherokee: 7.25m / 23.8 ft) đến sải cánh điển hình (Cessna 172 Skyhawk: 11.00m / 36.1 ft - máy bay phổ biến nhất lịch sử hàng không với >20,000 đăng ký FAA)",FAA Aircraft Characteristics Database (ACD_Data: Col 15 & Col 17),Federal Aviation Administration (FAA),https://www.faa.gov/airports/engineering/aircraft_char_database,-,-,-,-,Small Aircraft
helicopter,Helicopter,Trực thăng,Aviation,8.75,11.95,length,Chiều dài tổng thể khi cánh quạt quay (D-value overall length từ trực thăng dân dụng nhỏ Robinson R22: 8.75m đến trực thăng tiện ích phổ biến Bell 206B JetRanger: 11.95m),"FAA AC 150/5390-2D (Heliport Design, Appendix A) / ICAO Annex 14 Vol II",Federal Aviation Administration / ICAO,https://www.faa.gov/airports/resources/advisory_circulars/index.cfm/go/document.current/documentnumber/150_5390-2,helicopter,helicopter,-,-,Helicopter
airport,Airport / Airfield,Cảng hàng không / Sân bay,Aviation Infrastructure,18.00,45.00,width,Bề rộng mặt đường băng sân bay tiêu chuẩn quốc tế (từ Code 1A tối thiểu 18m đến Code 4C/D/E đường băng phản lực thương mại 45m),"ICAO Annex 14, Volume I: Aerodromes (Chapter 3, Section 3.1.10: Width of runways)",International Civil Aviation Organization (ICAO),https://store.icao.int/en/annex-14-aerodromes,airport,-,airport,-,-
helipad,Helipad,Bãi đáp trực thăng,Aviation Infrastructure,8.00,15.00,width,Bề rộng cạnh bãi tiếp đất cất hạ cánh TLOF (từ bãi trực thăng nhỏ R22 tối thiểu 8m đến bãi đỗ thương mại / bệnh viện 15m / 50ft),"FAA AC 150/5390-2D (Heliport Design, Chapter 2: TLOF Dimensions)",Federal Aviation Administration (FAA),https://www.faa.gov/airports/resources/advisory_circulars/index.cfm/go/document.current/documentnumber/150_5390-2,helipad,-,-,-,Helipad
aircraft_hangar,Aircraft Hangar,Nhà chứa máy bay,Aviation Infrastructure,12.50,45.00,width,Bề rộng cửa mở lọt lòng nhà chứa máy bay (từ T-hangar cá nhân 12.5m đến nhà chứa máy bay thân hẹp thương mại A320/B737 45m),"FAA AC 150/5300-13B (Airport Design, Chapter 3 & Appendix E)",Federal Aviation Administration (FAA),https://www.faa.gov/airports/resources/advisory_circulars/index.cfm/go/document.current/documentnumber/150_5300-13,-,-,-,-,Aircraft Hangar
small_vehicle,Small Vehicle / Passenger Car,Xe con / Ô tô du lịch,Road Vehicles,1.50,1.80,width,Chiều rộng thân xe ô tô con không tính gương chiếu hậu (từ xe cỡ nhỏ đô thị A/B-segment 1.50m đến sedan hạng C/D 1.80m),Regulation (EU) 2018/858 / UNECE Category M1 (Vehicle body width without mirrors),European Parliament / UNECE,https://eur-lex.europa.eu/legal-content/EN/TXT/?uri=CELEX%3A32018R0858,small-vehicle,small_vehicle,vehicle,car,"Passenger Vehicle, Small Car"
large_vehicle,Large Vehicle (General),Xe cơ giới lớn nói chung,Road Vehicles,2.20,2.55,width,Bề rộng thân xe cơ giới thương mại cỡ lớn tối đa theo luật (từ xe tải trung 2.20m đến giới hạn tối đa 2.55m theo luật châu Âu),Directive 96/53/EC (Maximum Authorized Dimensions for Heavy Vehicles),European Parliament and Council of the European Union,https://eur-lex.europa.eu/legal-content/EN/TXT/?uri=CELEX%3A31996L0053,large-vehicle,large_vehicle,vehicle,-,Truck
bus,Bus / Coach,Xe buýt / Xe khách lớn,Road Vehicles,2.30,2.55,width,Chiều rộng thân xe buýt chở khách công cộng (từ xe buýt mini/midi 2.30m đến xe buýt đô thị và xe khách tiêu chuẩn 2.55m),UNECE Regulation No. 107 (Category M3) / Directive 96/53/EC,UNECE World Forum for Harmonization of Vehicle Regulations,https://unece.org/transport/vehicle-regulations-wp29,-,-,-,bus,Bus
truck,Truck / Lorry,Xe tải tiêu chuẩn,Road Vehicles,2.20,2.50,width,Chiều rộng thùng xe tải chở hàng (từ xe tải nhẹ/trung Category N2 2.20m đến xe tải nặng Category N3 2.50m),Directive 96/53/EC / UNECE Category N2/N3 Commercial Vehicles,UNECE / European Commission,https://eur-lex.europa.eu/legal-content/EN/TXT/?uri=CELEX%3A31996L0053,-,-,-,truck,"Truck, Cargo Truck"
pickup_truck,Pickup Truck,Xe bán tải,Road Vehicles,1.80,2.03,width,Chiều rộng thân xe bán tải không tính gương (từ cỡ trung 1.80m như Hilux/Ranger đến cỡ lớn full-size 2.03m / 79.9 in như Ford F-150),US DOT FMVSS Standard No. 108 & FHWA Vehicle Classification (Full-size Pickups),Federal Highway Administration / US DOT,https://www.fhwa.dot.gov/policyinformation/travel_monitoring/tvt.cfm,-,-,-,-,Pickup Truck
utility_truck,Utility Truck,Xe công vụ / Xe dịch vụ công,Road Vehicles,2.00,2.45,width,Bề rộng thân xe công vụ / xe kỹ thuật / xe cứu hộ trên khung gầm thương mại Class 4-5,"FHWA Vehicle Classification Class 4-5 & xView Dataset Specifications (Lam et al., 2018)",Defense Innovation Unit / FHWA,https://arxiv.org/abs/1802.07856,-,-,-,-,Utility Truck
van,Van / Minivan,Xe tải nhỏ chở hàng / Xe Van,Road Vehicles,1.70,2.00,width,Chiều rộng thân xe van thương mại không tính gương (từ van nhỏ 1.70m như Caddy/Kangoo đến van lớn 2.00m như Transit/Sprinter),Regulation (EU) 2018/858 Category N1 (Light Commercial Vehicles),European Parliament / UNECE,https://eur-lex.europa.eu/legal-content/EN/TXT/?uri=CELEX%3A32018R0858,-,-,-,van,-
trailer,Trailer / Semi-Trailer,Rơ-moóc / Sơ-mi rơ-moóc,Road Vehicles,2.00,2.55,width,Chiều rộng thùng rơ-moóc chở hàng (từ rơ-moóc nhẹ O2 2.00m đến sơ-mi rơ-moóc tiêu chuẩn O4 2.55m),ISO 1726 / Directive 96/53/EC (Category O4 Freight Trailers),International Organization for Standardization / EU,https://eur-lex.europa.eu/legal-content/EN/TXT/?uri=CELEX%3A31996L0053,-,-,-,-,Trailer
truck_tractor,Truck Tractor (Semi-truck head),Đầu kéo container / Xe đầu kéo,Road Vehicles,2.45,2.50,width,Chiều rộng cabin đầu kéo container chuyên dụng (Class 8 semi-truck tractor cab width),Directive 96/53/EC / FHWA Class 8 Commercial Tractor,Federal Highway Administration / UNECE,https://eur-lex.europa.eu/legal-content/EN/TXT/?uri=CELEX%3A31996L0053,-,-,-,-,Truck Tractor
truck_tractor_w_box_trailer,Truck Tractor w/ Box Trailer,Xe đầu kéo kéo theo rơ-moóc thùng kín,Road Vehicles,12.00,16.50,length,Chiều dài tổng thể tổ hợp xe đầu kéo kéo theo sơ-mi rơ-moóc thùng kín (tối đa 16.50m theo luật châu Âu Directive 96/53/EC),"Directive 96/53/EC, Annex I (Maximum Authorized Articulated Vehicle Length)",Council of the European Union,https://eur-lex.europa.eu/legal-content/EN/TXT/?uri=CELEX%3A31996L0053,-,-,-,-,Truck Tractor w/ Box Trailer
truck_tractor_w_flatbed_trailer,Truck Tractor w/ Flatbed Trailer,Xe đầu kéo kéo theo rơ-moóc sàn phẳng,Road Vehicles,12.00,16.50,length,Chiều dài tổng thể tổ hợp xe đầu kéo kéo sơ-mi rơ-moóc sàn phẳng (Flatbed articulated truck overall length),"Directive 96/53/EC, Annex I / xView Dataset Specifications (Lam et al., 2018)",European Union / DIU,https://eur-lex.europa.eu/legal-content/EN/TXT/?uri=CELEX%3A31996L0053,-,-,-,-,Truck Tractor w/ Flatbed Trailer
truck_tractor_w_liquid_tank,Truck Tractor w/ Liquid Tank,Xe đầu kéo bồn chở chất lỏng (Xe téc),Road Vehicles,12.00,16.50,length,Chiều dài tổng thể tổ hợp xe đầu kéo kéo téc xi-téc chở nhiên liệu / chất lỏng (Articulated fuel tanker overall length),"Directive 96/53/EC, Annex I & ADR Agreement (Tank Vehicles)",United Nations ECE / European Union,https://unece.org/about-adr,-,-,-,-,Truck Tractor w/ Liquid Tank
crane_truck,Crane Truck,Xe tải gắn cần cẩu,Road Vehicles / Machinery,9.00,12.00,length,Chiều dài tổng thể khung xe tải gắn cẩu tự hành khi thu gọn di chuyển trên đường (Carrier overall transport length),ISO 4301-2 (Mobile cranes) / Directive 96/53/EC,International Organization for Standardization,https://www.iso.org/standard/66526.html,-,-,-,-,Crane Truck
pedestrian,Pedestrian,Người đi bộ đứng một mình,Pedestrians,0.40,0.50,width,Bề rộng hai vai người trưởng thành đo qua xương mỏm cùng vai (Biacromial shoulder breadth theo ISO 7250-1),ISO 7250-1:2017 (Basic human body measurements for technological design),International Organization for Standardization,https://www.iso.org/standard/65246.html,-,-,-,pedestrian,-
people,People / Crowd,Nhóm người đi bộ,Pedestrians,1.00,2.50,diameter,Đường kính vùng tập trung nhóm người đi bộ / đám đông từ 2-3 người đến cụm nhỏ trong ảnh UAV,"VisDrone Benchmark Specifications (Zhu et al., IEEE TPAMI 2021)",Tianjin University AISKYEYE Team,https://github.com/VisDrone/VisDrone-Dataset,-,-,-,people,-
bicycle,Bicycle,Xe đạp,Micro-mobility,0.45,0.65,width,Bề rộng ghi-đông tay lái xe đạp (từ tay lái cong đua 45cm đến tay lái ngang thành phố/địa hình 65cm theo ISO 4210),"ISO 4210-2:2015 (Cycles — Safety requirements for bicycles, Section 4.7)",International Organization for Standardization,https://www.iso.org/standard/64106.html,-,-,-,bicycle,-
motorcycle,Motorcycle / Scooter,Xe máy / Xe mô tô,Micro-mobility,0.70,0.85,width,Bề rộng tay lái mô tô / xe máy hai bánh (từ xe tay ga đô thị 70cm đến xe phân khối lớn 85cm theo UNECE R78),UNECE Regulation No. 78 / Regulation (EU) No 168/2013 (Category L3e),UNECE World Forum for Harmonization of Vehicles,https://unece.org/transport/vehicle-regulations-wp29,-,-,-,motor,-
tricycle,Tricycle,Xe ba bánh chở hàng,Micro-mobility,0.95,1.20,width,Bề rộng cơ sở trục bánh sau / thùng hàng xe ba bánh chở hàng (Rear track width theo GB 7258-2017),"GB 7258-2017 (Technical Specifications for Safety of Power-driven Vehicles, Section 4.5) / VisDrone",Standardization Administration of China (SAC) / Tianjin University,https://openstd.samr.gov.cn/bzgk/gb/newGbInfo?hcno=9520847937A0923010E0B19BD1B1C47E,-,-,-,tricycle,-
awning_tricycle,Awning Tricycle,Xe ba bánh có mái che,Micro-mobility,1.05,1.25,width,Bề rộng khung mái che chống mưa nắng của xe ba bánh chở khách / chuyển phát nhanh (Canopy roof width),GB 7258-2017 (Technical Specifications for Power-driven Vehicles) / VisDrone Specifications,Standardization Administration of China (SAC) / Tianjin University,https://openstd.samr.gov.cn/bzgk/gb/newGbInfo?hcno=9520847937A0923010E0B19BD1B1C47E,-,-,-,awning-tricycle,-
ship,Ship / Maritime Vessel (General),Tàu thủy nói chung,Maritime Vessels,12.00,80.00,length,Chiều dài tổng thể thân tàu thủy (Length Overall - LOA từ tàu thương mại nhỏ 12m đến tàu chở hàng bách hóa 80m),"Civil NIIRS Reference Guide (IRSC, 1996) / IMO SOLAS",Imagery Resolution Support Committee / International Maritime Organization,https://fas.org/irp/imint/niirs_c/index.html,ship,ship,ship,-,Maritime Vessel
motorboat,Motorboat,Ca nô / Thuyền máy cỡ nhỏ,Maritime Vessels,4.57,7.62,length,Chiều dài thân vỏ ca-nô / thuyền máy thể thao (15 feet đến 25 feet theo tiêu chuẩn Civil NIIRS),Civil NIIRS Reference Guide (Small boats 15-20ft criterion) / ABYC Standards,Imagery Resolution Support Committee / American Boat & Yacht Council,https://fas.org/irp/imint/niirs_c/index.html,-,-,-,-,Motorboat
sailboat,Sailboat,Thuyền buồm,Maritime Vessels,6.00,12.00,length,Chiều dài thân thuyền buồm một thân (từ thuyền buồm thể thao 20ft đến du thuyền buồm tuần tiễu 40ft),Civil NIIRS Reference Guide / World Sailing Offshore Special Regulations,World Sailing / IRSC,https://fas.org/irp/imint/niirs_c/index.html,-,-,-,-,Sailboat
tugboat,Tugboat,Tàu lai dắt cảng biển,Maritime Vessels,18.00,28.00,length,Chiều dài thân tàu kéo / lai dắt cảng biển chuyên dụng (Harbor tugboat length overall),IMO Harbor Craft Guidelines / Civil NIIRS Reference Guide,International Maritime Organization / IRSC,https://fas.org/irp/imint/niirs_c/index.html,-,-,-,-,Tugboat
barge,Barge,Sà lan chở hàng,Maritime Vessels,25.00,59.44,length,Chiều dài sà lan chở hàng đường thủy nội địa (sà lan mặt boong nhỏ 25m đến sà lan Jumbo Hopper 195ft: 59.44m chuẩn USACE),USACE Standard Inland Barge Sizing (195ft Jumbo Hopper Barge) / USCG,U.S. Army Corps of Engineers,https://www.iwr.usace.army.mil/Missions/Navigation/Waterborne-Commerce-Statistics-Center/,-,-,-,-,Barge
fishing_vessel,Fishing Vessel,Tàu đánh cá,Maritime Vessels,10.00,24.00,length,Chiều dài tàu đánh cá thương mại (từ tàu cá ven bờ 10m đến ngưỡng công ước Torremolinos/Cape Town 24m),FAO Fisheries Technical Paper No. 483 & IMO Cape Town Agreement (24m threshold),Food and Agriculture Organization (FAO) / IMO,https://www.fao.org/fishery/en/vessels,-,-,-,-,Fishing Vessel
ferry,Ferry,Phà chở khách và xe,Maritime Vessels,30.00,85.00,length,Chiều dài phà chở khách và ô tô (từ phà sông cỡ nhỏ 30m đến phà hai đầu ven biển trung bình 85m),IMO High Speed Craft (HSC) Code / Civil NIIRS Reference Guide,International Maritime Organization / IRSC,https://fas.org/irp/imint/niirs_c/index.html,-,-,-,-,Ferry
yacht,Yacht,Du thuyền sang trọng,Maritime Vessels,12.00,35.00,length,Chiều dài du thuyền giải trí cá nhân (từ du thuyền hạng trung 40ft đến ngưỡng siêu du thuyền 35m),Large Commercial Yacht Code (LY3) / Civil NIIRS Reference Guide,UK Maritime and Coastguard Agency (MCA) / IRSC,https://fas.org/irp/imint/niirs_c/index.html,-,-,-,-,Yacht
container_ship,Container Ship,Tàu container chở hàng lớn,Maritime Vessels,90.00,294.13,length,Chiều dài tàu chở hàng container (từ tàu gom hàng feeder 90m đến tàu kích thước chuẩn Panamax 294.13m / 965 ft),Panama Canal Authority Vessel Requirements (Panamax LOA) / IMO,Panama Canal Authority (ACP) / IMO,https://www.pancanal.com/,-,-,-,-,Container Ship
oil_tanker,Oil Tanker,Tàu chở dầu / Tàu chở hóa chất,Maritime Vessels,80.00,245.00,length,Chiều dài tàu chở dầu thô và hóa chất (từ tàu chở dầu ven bờ đến tàu dầu cỡ Aframax 245m),Civil NIIRS Reference Guide / OCIMF Tanker Sizing Guidelines,Oil Companies International Marine Forum (OCIMF) / IRSC,https://fas.org/irp/imint/niirs_c/index.html,-,-,-,-,Oil Tanker
harbor,Harbor / Port,Cảng biển / Bến cảng,Maritime Infrastructure,50.00,200.00,extent,Chiều dài phân đoạn cầu bến cảng cập tàu thương mại (Wharf / pier berth operational extent),World Bank Port Development Guidelines / UNCTAD Port Planning Manual,The World Bank / UNCTAD,https://documents.worldbank.org/,harbor,harbor,harbor,-,-
railway_vehicle,Railway Vehicle (General),Toa tàu hỏa nói chung,Railway,14.00,20.00,length,Chiều dài toa xe đường sắt tiêu chuẩn qua hai đầu móc nối (Length over buffers theo UIC 505/571),UIC 505-1 & UIC 571 (Standard Railway Rolling Stock Dimensions),International Union of Railways (UIC),https://uic.org/,-,-,-,-,Railway Vehicle
locomotive,Locomotive,Đầu máy xe lửa,Railway,18.00,20.50,length,Chiều dài đầu máy xe lửa chính tuyến qua hai đầu móc nối (từ Siemens Vectron 18.98m đến GE ES44AC),UIC 505-1 / AAR Rolling Stock Standards (Mainline Locomotives),International Union of Railways / AAR,https://uic.org/,-,-,-,-,Locomotive
railway_passenger_car,Railway Passenger Car,Toa xe lửa chở khách,Railway,21.00,26.40,length,Chiều dài toa xe lửa chở khách tiêu chuẩn quốc tế (toa UIC Type X/Y 24.5m đến Type Z chuẩn 26.40m),UIC 567 Standard Passenger Car Specifications (UIC-Z 26.40m),International Union of Railways,https://uic.org/,-,-,-,-,Passenger Car
railway_cargo_car,Railway Cargo/Container Car,Toa xe lửa chở hàng / Container,Railway,12.00,16.50,length,Chiều dài toa xe lửa chở hàng bách hóa có mui (Freight boxcar length over buffers theo UIC 571-1),UIC 571-1 Standard Freight Wagons (Covered wagons),International Union of Railways,https://uic.org/,-,-,-,-,Cargo/Container Car
railway_flat_car,Railway Flat Car,Toa xe lửa sàn phẳng,Railway,14.00,19.90,length,Chiều dài sàn toa xe lửa chở container (Flatcar length over buffers cho container 40ft/60ft theo UIC 571-2),UIC 571-2 Standard Freight Flat Cars (Intermodal flat wagons),International Union of Railways,https://uic.org/,-,-,-,-,Flat Car
railway_tank_car,Railway Tank Car,Toa xe lửa xi téc / Bồn chứa,Railway,2.40,2.80,diameter,Đường kính ngoài xi-téc bồn chở chất lỏng đường sắt (Railway tank wagon cylinder outer diameter),DOT-111 / UIC 571-3 Tank Wagon Standards,Federal Railroad Administration / UIC,https://uic.org/,-,-,-,-,Tank car
train_station,Train Station,Ga xe lửa / Nhà ga đường sắt,Railway Infrastructure,50.00,200.00,extent,Chiều dài phân khu ke ga hành khách và nhà ga đường sắt đón tàu (Station platform and terminal extent),TSI PRM (Commission Regulation EU No 1300/2014) / UIC Leaflet 700,European Union Agency for Railways / UIC,https://uic.org/,-,-,trainstation,-,-
engineering_vehicle,Engineering Vehicle (General),Xe / Thiết bị cơ giới công trình,Machinery & Construction,2.40,3.00,width,Bề rộng khung vỏ thiết bị cơ giới công trình nói chung (Earth-moving machinery chassis width),ISO 6165 (Earth-moving machinery — Basic types) / xView Specifications,International Organization for Standardization,https://www.iso.org/standard/54532.html,-,-,-,-,Engineering Vehicle
tower_crane,Tower Crane,Cần cẩu tháp xây dựng,Machinery & Construction,30.00,55.00,length,Chiều dài tay cần làm việc nằm ngang của cần trục tháp xây dựng (Tower crane jib working radius),ISO 4301-3 (Cranes — Tower cranes) / Liebherr EC-B Tower Cranes,International Organization for Standardization / Liebherr,https://www.liebherr.com/en/int/products/construction-machines/tower-cranes/tower-cranes.html,-,-,-,-,Tower crane
container_crane,Container Crane / Gantry Crane,Cẩu giàn bốc dỡ container bến cảng,Machinery & Construction,30.48,50.00,length,Tầm với cần vươn giàn cẩu bốc dỡ container bờ cảng STS qua mạn tàu (STS quay crane outreach length),ISO 4301-5 (Cranes — Overhead travelling and portal bridge cranes) / Port Equipment Handbook,International Organization for Standardization,https://www.iso.org/standard/66528.html,container-crane,-,-,-,Container Crane
reach_stacker,Reach Stacker,Xe nâng / Xe gắp container,Machinery & Construction,4.15,6.06,width,Bề rộng phủ lốp cầu trước đến bề rộng ngàm gắp container 20ft (Spreader 20ft locked width),ISO 5053-1 (Industrial Trucks) / Kalmar Gloria DRG450 Technical Specifications,International Organization for Standardization / Kalmar,https://www.kalmarglobal.com/equipment/reachstackers/,-,-,-,-,Reach Stacker
straddle_carrier,Straddle Carrier,Xe cổng bốc xếp container tự hành,Machinery & Construction,4.80,5.00,width,Bề rộng phủ bì cổng xe bốc container tự hành di động (Straddle carrier outer portal width),ISO 5053-1 (Industrial Trucks) / Kalmar Straddle Carrier Technical Specifications,International Organization for Standardization / Kalmar,https://www.kalmarglobal.com/equipment/straddle-carriers/,-,-,-,-,Straddle Carrier
mobile_crane,Mobile Crane,Cần cẩu bánh lốp di động,Machinery & Construction,10.50,14.50,length,Chiều dài di chuyển trên đường của xe cẩu tự hành nhiều trục (All-terrain mobile crane transport length),ISO 4301-2 (Mobile cranes) / Liebherr LTM Mobile Crane Specifications,International Organization for Standardization / Liebherr,https://www.liebherr.com/en/int/products/construction-machines/mobile-and-crawler-cranes/mobile-cranes/mobile-cranes.html,-,-,-,-,Mobile Crane
dump_truck,Dump Truck,Xe tải tự đổ (Xe ben),Machinery & Construction,7.50,9.00,length,Chiều dài tổng thể xe tải tự đổ 3-4 trục công trình giao thông (Rigid construction dumper length),Directive 96/53/EC / UNECE Category N3 Commercial Vehicles,European Commission / UNECE,https://eur-lex.europa.eu/legal-content/EN/TXT/?uri=CELEX%3A31996L0053,-,-,-,-,Dump Truck
haul_truck,Haul Truck (Heavy Mining Truck),Xe tải siêu trường mỏ khoáng sản,Machinery & Construction,6.10,9.76,width,Bề rộng ngoài lốp xe tải siêu trọng mỏ khoáng sản (từ CAT 777G 6.10m đến CAT 797F 9.76m / 32 ft),Caterpillar Mining Trucks Technical Specifications (CAT 777G & CAT 797F) / ISO 6165,Caterpillar / ISO,https://www.cat.com/en_US/products/new/equipment/off-highway-trucks.html,-,-,-,-,Haul Truck
scraper_tractor,Scraper / Tractor,Máy cào đất / Máy kéo công trình,Machinery & Construction,3.56,3.94,width,Bề rộng phủ bì máy cào đất bánh lốp chuyên dụng (từ CAT 621K 3.56m đến CAT 631K 3.94m),ISO 6165 (Wheel Tractor-Scrapers) / Caterpillar 621K & 631K Specalog,International Organization for Standardization / Caterpillar,https://www.cat.com/en_US/products/new/equipment/wheel-tractor-scrapers.html,-,-,-,-,Scraper/Tractor
bulldozer,Front Loader / Bulldozer,Máy xúc lật / Máy ủi đất,Machinery & Construction,3.26,4.31,width,Bề rộng lưỡi gạt đất chuyên dụng máy ủi (từ lưỡi bán chữ U CAT D6 3.26m đến lưỡi SU CAT D8 4.31m),ISO 6165 / Caterpillar Track-Type Tractors Specifications (D6 & D8),International Organization for Standardization / Caterpillar,https://www.cat.com/en_US/products/new/equipment/dozers.html,-,-,-,-,Front loader/Bulldozer
excavator,Excavator,Máy đào bánh xích (Máy cuốc),Machinery & Construction,2.80,3.50,width,Bề rộng phủ bì vệt xích máy xúc đào thủy lực (từ hạng 20 tấn CAT 320 2.98m đến hạng 50 tấn CAT 349 3.64m),ISO 6165 (Hydraulic Excavators) / Caterpillar 320 & 349 Specalog,International Organization for Standardization / Caterpillar,https://www.cat.com/en_US/products/new/equipment/excavators.html,-,-,-,-,Excavator
cement_mixer,Cement Mixer Truck,Xe bồn trộn bê tông,Machinery & Construction,8.00,9.50,length,Chiều dài tổng thể xe bồn trộn bê tông tươi 3-4 trục (Transit concrete mixer truck overall length),Directive 96/53/EC & ISO 6165 / UNECE Category N3,European Commission / UNECE,https://eur-lex.europa.eu/legal-content/EN/TXT/?uri=CELEX%3A31996L0053,-,-,-,-,Cement Mixer
ground_grader,Ground Grader / Road Grader,Máy san gạt mặt đường,Machinery & Construction,3.66,4.27,width,Bề rộng lưỡi san gạt mặt đường tiêu chuẩn quốc tế (lưỡi 12ft: 3.66m và lưỡi 14ft: 4.27m),ISO 6165 Motor Graders / Caterpillar Motor Grader Specifications (CAT 140),International Organization for Standardization / Caterpillar,https://www.cat.com/en_US/products/new/equipment/motor-graders.html,-,-,-,-,Ground Grader
tennis_court,Tennis Court,Sân quần vợt (Tennis),Sports Facilities,8.23,10.97,width,Bề rộng mặt sân thi đấu quần vợt kẻ vạch (sân đơn 27ft: 8.23m và sân đôi 36ft: 10.97m),"ITF Rules of Tennis 2024, Appendix I (The Court)",International Tennis Federation (ITF),https://www.itftennis.com/en/about-us/governance/rules-and-regulations/,tennis-court,tennis_court,tenniscourt,-,-
basketball_court,Basketball Court,Sân bóng rổ,Sports Facilities,15.00,15.24,width,Bề rộng mặt sân thi đấu bóng rổ kẻ vạch tiêu chuẩn (sân FIBA 15.00m và sân NBA/NCAA 50ft: 15.24m),FIBA Official Basketball Rules 2022 (Art. 2.1) / NBA Official Rules (Rule 1),International Basketball Federation (FIBA) / NBA,https://www.fiba.basketball/documents/official-basketball-rules.pdf,basketball-court,basketball_court,basketballcourt,-,-
baseball_diamond,Baseball Diamond / Field,Sân bóng chày,Sports Facilities,27.43,97.54,length,Cự ly tiêu chuẩn đường chạy giữa các chốt gôn 90ft (27.43m) đến hàng rào ngoài sân 320ft (97.54m),"Official Baseball Rules (OBR 2023 Edition, Rule 2.01: Layout of the Field) / WBSC",World Baseball Softball Confederation (WBSC) / Major League Baseball,https://www.wbsc.org/en/game-rules,baseball-diamond,baseball_diamond,baseballfield,-,-
soccer_ball_field,Soccer Field / Football Pitch,Sân bóng đá,Sports Facilities,45.00,68.00,width,Bề rộng đường biên ngang sân bóng đá (tối thiểu 45m theo Luật 1 IFAB và chuẩn quốc tế FIFA 68m),"IFAB Laws of the Game 2023/24, Law 1 (The Field of Play, Field dimensions)",International Football Association Board (IFAB) / FIFA,https://www.theifab.com/laws/latest/the-field-of-play/,soccer-ball-field,soccer_ball_field,-,-,-
ground_track_field,Ground Track Field / Running Track,Đường chạy điền kinh / Sân vận động có đường chạy,Sports Facilities,73.00,92.52,width,Bề rộng lòng sân trong đường chạy oval 400m (73.00m) đến mép ngoài toàn bộ 8 làn chạy (92.52m),"World Athletics Track and Field Facilities Manual (2019 Edition, Section 2.2.1)",World Athletics,https://worldathletics.org/about-iaaf/documents/technical-information,ground-track-field,ground_track_field,groundtrackfield,-,-
swimming_pool,Swimming Pool,Bể bơi ngoài trời,Sports Facilities,12.50,25.00,width,Bề rộng mặt nước bể bơi thi đấu thể thao (từ bể ngắn 5-6 làn 12.5m đến bể chuẩn Olympic 10 làn 25.0m),"World Aquatics Competition Regulations 2023, Part VI (Facilities, Section 1)",World Aquatics (formerly FINA),https://www.worldaquatics.com/rules/competition-regulations,swimming-pool,swimming_pool,-,-,-
stadium,Stadium,Sân vận động lớn có khán đài mái che,Sports Facilities,120.00,200.00,diameter,Đường kính ngoài khán đài và mái che sân vận động (từ nhà thi đấu/sân địa phương 120m đến sân chuẩn FIFA 200m),FIFA Football Stadiums: Technical Recommendations and Requirements (5th Edition) / DIOR,FIFA / NWPU,https://publications.fifa.com/en/football-stadiums-guidelines/,-,-,stadium,-,-
golf_course,Golf Course,Sân gôn (Golf),Sports Facilities,50.00,150.00,extent,Phạm vi khu vực sân tập / vùng cỏ gạt bóng green trong ảnh viễn thám DIOR (Golf green/practice complex extent),USGA Recommendations for a Method of Putting Green Construction / DIOR Benchmark,United States Golf Association (USGA) / NWPU,https://www.usga.org/course-care/green-section-record.html,-,-,golfcourse,-,-
bridge,Bridge,Cầu vượt sông / Cầu giao thông,Transportation Infrastructure,8.00,24.00,width,Bề rộng mặt cắt ngang bản mặt cầu đường bộ (từ cầu 2 làn đường nhánh 8m đến cầu cao tốc 4 làn 24m),AASHTO LRFD Bridge Design Specifications (Section 2.5: Roadway Widths),American Association of State Highway and Transportation Officials (AASHTO),https://www.transportation.org/,bridge,bridge,bridge,-,-
overpass,Overpass / Flyover,Cầu vượt cạn / Nút giao lập thể,Transportation Infrastructure,8.00,18.00,width,Bề rộng bản mặt cầu vượt cạn / nhánh nút giao lập thể (từ cầu vượt 1 làn rẽ 8m đến cầu vượt đô thị 4 làn 18m),AASHTO A Policy on Geometric Design of Highways and Streets (Green Book),AASHTO / FHWA,https://www.transportation.org/,-,-,overpass,-,-
roundabout,Roundabout / Traffic Circle,Đảo giao thông / Vòng xuyến bùng binh,Road Infrastructure,15.00,35.00,diameter,Đường kính ngoài vòng xuyến đảo giao thông (Inscribed Circle Diameter từ mini-roundabout 15m đến chuẩn 1 làn 35m),FHWA-RD-00-067: Roundabouts: An Informational Guide (Exhibit 6-1),Federal Highway Administration (FHWA),https://www.fhwa.dot.gov/publications/research/safety/00067/000676.pdf,roundabout,roundabout,-,-,-
expressway_service_area,Expressway Service Area,Trạm dừng nghỉ cao tốc,Road Infrastructure,80.00,200.00,extent,Bề rộng khuôn viên phân khu đỗ xe và dịch vụ của trạm dừng nghỉ cao tốc,AASHTO Guide for Development of Rest Areas on Interstate Highways / DIOR,AASHTO / NWPU,https://www.transportation.org/,-,-,expressway-service-area,-,-
expressway_toll_station,Expressway Toll Station,Trạm thu phí cao tốc,Road Infrastructure,20.00,60.00,width,Bề rộng mái che trạm thu phí cao tốc cắt ngang qua các làn xe (từ trạm nhánh 3-4 làn đến trạm chính 10-12 làn),FHWA Toll Plaza Design Guide & DIOR Dataset Specifications,Federal Highway Administration / NWPU,https://www.fhwa.dot.gov/,-,-,expressway-toll-station,-,-
vehicle_lot,Vehicle Lot / Parking Lot,Bãi đỗ xe ô tô tập trung,Road Infrastructure,20.00,80.00,extent,Bề rộng phân khu cụm bãi đỗ xe ô tô tập trung (từ mô-đun 2 dãy đỗ + làn xe 20m đến bãi đỗ thương mại 80m),Urban Land Institute (ULI) The Dimensions of Parking (Module Dimensions),Urban Land Institute / National Parking Association,https://americas.uli.org/,-,-,-,-,Vehicle Lot
storage_tank,Storage Tank,Bồn chứa nhiên liệu / Hóa chất công nghiệp,Industrial Facilities,10.00,30.00,diameter,Đường kính ngoài bồn thép hình trụ chứa dầu công nghiệp (từ bồn hàn API 650 nhỏ 10m đến bồn thương mại 30m),API Standard 650: Welded Tanks for Oil Storage (Section 5 / Table A.1a),American Petroleum Institute (API),https://www.api.org/standards,storage-tank,storage_tank,storagetank,-,Storage Tank
shipping_container,Shipping Container (Individual),Thùng container vận tải biển (Chiếc đơn),Logistics & Storage,6.06,12.19,length,Chiều dài phủ bì danh định container vận tải biển Series 1 (container 20ft: 6.058m và container 40ft: 12.192m),"ISO 668:2020 Series 1 freight containers — Classification, dimensions and ratings (Table 1)",International Organization for Standardization (ISO),https://www.iso.org/standard/66373.html,-,-,-,-,Shipping Container
shipping_container_lot,Shipping Container Lot / Depot,Bãi tập kết thùng container,Logistics & Storage,15.00,60.00,extent,Bề rộng cụm dãy container tập kết tại bãi cảng (từ dãy 6 hàng container 15m đến phân khu bãi chuẩn 60m),UNCTAD Port Development: A handbook for planners / World Bank Guidelines,United Nations Conference on Trade and Development (UNCTAD) / World Bank,https://unctad.org/,-,-,-,-,Shipping container lot
chimney,Chimney / Industrial Smokestack,Ống khói nhà máy công nghiệp,Industrial Structures,3.00,12.00,diameter,Đường kính ngoài chân bệ ống khói công nghiệp (từ lò hơi nhỏ 3m đến ống khói nhà máy nhiệt điện/lọc dầu 12m),CICIND Model Code for Concrete Chimneys (Part A),International Committee on Industrial Chimneys (CICIND),https://www.cicind.org/,-,-,chimney,-,-
dam,Dam,Đập thủy điện / Đập chắn nước,Civil Infrastructure,6.00,10.00,width,Bề rộng đỉnh đập chắn nước công trình thủy lợi / thủy điện (từ đập nhỏ 6m đến mặt đường 2 làn trên đỉnh đập bê tông 10m),"USACE EM 1110-2-2200 (Gravity Dam Design, Section 3-3: Crest Width) / ICOLD",U.S. Army Corps of Engineers / ICOLD,https://www.publications.usace.army.mil/USACE-Publications/Engineer-Manuals/,-,-,dam,-,Dam
windmill,Windmill / Wind Turbine,Tuabin điện gió / Cối xay gió,Energy Infrastructure,40.00,100.00,diameter,Đường kính quét của 3 cánh tuabin gió phát điện (từ tuabin dưới 1MW 40m đến tuabin 2.5-3MW thương mại 100m),IEC 61400-1 (Wind energy generation systems — Part 1: Design requirements),International Electrotechnical Commission (IEC),https://webstore.iec.ch/publication/63704,-,-,windmill,-,-
pylon,Pylon / Electricity Transmission Tower,Cột điện cao thế,Energy Infrastructure,6.00,18.00,width,Bề rộng sải xà ngang đỡ dây dẫn điện cao thế (từ cột đỡ 110kV 6m đến cột truyền tải 500kV 18m),IEEE Standard 691 / ASCE 10-15 (Design of Latticed Steel Transmission Structures),IEEE Power & Energy Society / ASCE,https://standards.ieee.org/ieee/691/3860/,-,-,-,-,Pylon
tower,Tower (Communication/Observation),Tháp thông tin / Tháp viễn thông,Civil Infrastructure,4.00,10.00,width,Bề rộng cạnh đáy khung giàn thép tháp viễn thông tự đứng (từ tháp 30-40m đáy 4m đến tháp 60-100m đáy 10m),ANSI/TIA-222-H (Structural Standard for Antenna Supporting Structures),Telecommunications Industry Association (TIA),https://tiaonline.org/standards/,-,-,-,-,Tower
building,Building,Tòa nhà / Công trình kiến trúc dân dụng,Civil Buildings,6.00,25.00,width,Bề rộng nhỏ nhất cạnh đáy tòa nhà xây dựng (từ nhà ở riêng lẻ 6m đến tòa nhà chung cư/văn phòng 25m),International Building Code (IBC 2021) / IRC Habitable Structures,International Code Council (ICC),https://codes.iccsafe.org/content/IBC2021P1,-,-,-,-,Building
shed,Shed,Nhà kho tạm / Nhà xưởng nhỏ,Civil Buildings,2.50,6.00,width,Bề rộng nhà kho tạm / công trình phụ trợ một tầng (từ kho làm vườn 2.5m đến nhà kho nông nghiệp 6m),"International Residential Code (IRC 2021, Section R105.2: Accessory Structures)",International Code Council (ICC),https://codes.iccsafe.org/content/IRC2021P1,-,-,-,-,Shed
hut_tent,Hut / Tent,Lều bạt / Chòi tạm,Civil Buildings,2.50,4.00,width,Bề rộng chòi lều tạm cứu trợ khẩn cấp (từ lều dã chiến nhỏ 2.5m đến lều gia đình tiêu chuẩn UNHCR 4.0m x 4.0m),UNHCR Emergency Shelter Guidelines & Sphere Handbook (Shelter Standard 2),United Nations High Commissioner for Refugees (UNHCR) / Sphere,https://emergency.unhcr.org/emergency-assistance/shelter-and-settlement/shelter-solutions/tents,-,-,-,-,Hut/Tent
damaged_building,Damaged Building,Tòa nhà bị hư hại / Đổ sập,Civil Buildings,6.00,25.00,extent,Phạm vi vùng đổ sụp / đống đổ nát của công trình bị hư hại do thiên tai / chiến sự,FEMA Urban Search and Rescue (US&R) Field Operations Guide / xView,Federal Emergency Management Agency (FEMA),https://www.fema.gov/,-,-,-,-,Damaged Building
facility,Facility (Industrial / Commercial),Khu phức hợp công xưởng / Cơ sở,Civil Buildings,30.00,100.00,extent,Bề rộng khuôn viên phân khu phức hợp cơ sở công nghiệp / thương mại,Industrial Facility Site Planning Standards (APA) / xView Specifications,American Planning Association / DIU,https://www.planning.org/,-,-,-,-,Facility
construction_site,Construction Site,Công trường xây dựng,Machinery & Construction,25.00,100.00,extent,Bề rộng mặt bằng khu vực thi công xây dựng đang hoạt động (Site active zone footprint extent),OSHA Construction Guidelines (29 CFR 1926) / xView Dataset Specifications,Occupational Safety and Health Administration (OSHA),https://www.osha.gov/laws-regs/regulations/standardnumber/1926,-,-,-,-,Construction Site
